index,mean,stderr
0,-9.17710625071013020e+00,2.36928280746151075e-03
