index,mean,stderr
0,-2.05092624314941491e-01,1.06966712276797219e-02
1,9.94786741308698458e-02,6.06514727752020203e-03
