index,mean,stderr
0,-1.97560932882550666e-01,8.60724860426185720e-03
1,1.07282064446577147e-01,1.13954244588437229e-02
